customer_id,customer_name,customer_surname,date_signed_up,email,telephone_number,,
11015,Chris,Chapman,2015-05-26,chapman.chris1@gmail.com,7725900845,,
11016,Anne,Smith,2016-01-02,anne1000@gmail.com,7700900679,,
11017,Odette,Beavers,2019-06-15,Odette.beavers1965@Inbox.com,1614960905,,
11018,Amanda,Lowe,2022-01-09,lowe_54@Hotmail.co.uk,7744900333,,
11019,Pam,Evers,2014-01-06,evers_pamela@gmail.com,7730900137,,
11020,Harold,Leyland,2019-12-16,crazy.harold.16@Hotmail.co.uk,7232900388,,
11021,David,Doherty,2014-04-26,dave123454321@googlemail.com,1214960370,,
11022,Janet,Vernon,2018-12-22,janet555vern@gmail.com,7735900748,,
11023,Lindsay,Fulwood,2020-02-03,lindsay.lindsay.f@gmail.com,7760900937,,
11024,Chistopher,Davies,2000-03-27,chris_156@iCloud.com ,1414960326,,
11025,Sue,Shah,2017-11-21,sue.shah5@gmail.com,7700900245,,
11026,Charlotte,Walker,2018-05-01,walker_ch@gmail.com,1134960508,,
11027,Keith,Emmerson,2015-05-08,keith123keith@gmail.com,7780900710,,
11028,Graham,Twigg,2013-11-15,graham.twigg@Inbox.com,1184960884,,
11029,Stuart,Hamilton,2008-04-19,stu_hamilton1@gmail.com,7746900270,,
11030,Keyleigh,Dawson,2019-03-20,key_1997_leigh@gmail.com,7700948205,,
11031,Charlie,McKinley,2020-01-07,Charlie_MCK@yahoo.co.uk,1514960705,,
11032,Luke,Gamston,2014-10-07,Luke_gam@Outlook.com,7787900834,,
11033,Abigail,Blundell,2016-01-06,123abi321@googlemail.com,1514960514,,
11034,Margaret,Ferguson,2019-11-19,margie_ferg@Hotmail.co.uk,7788900534,,
11035,Malcolm,Smith,2018-01-27,mal.smith@gmail.com,1154960748,,
11036,Christina,Underwood,2015-11-16,ch.underwood@gmail.com,7700900236,,
11037,Anita,Birch,2016-10-07,anita_birch12@hotmail.com,7720900383,,
11038,Owen,Hammond,2021-10-01,hammond.o@gmail.com,7755900545,,
11039,Lola,Westley,2016-09-02,lolawestley@gmail.com,2079460125,,
11040,Tasha,Follows,2017-05-08,tash_1980@hotmail.com,1314960436,,
11041,Simon,McDonald,2022-07-28,simon.mcdonalds@gmail.com,7700900374,,
11042,Edward,Brooks,2019-09-26,eddie99@gmail.com,1184960265,,
11043,Julie,Phillips,2020-09-10,julie1997@Hotmail.co.uk,7700900945,,
11044,Peter,O'Brien,2015-11-21,1pete1967@googlemail.com,7711928693,,
11045,Adam,Earl,2017-11-18,Mike1995@Outlook.com,1314960844,,
11046,Michael,Hemingway,2019-06-09,mike_hem@gmail.com,7700800541,,
11047,Alexandra,Seby,2000-06-01,al_seb_005@hotmail.com,7718900683,,
11048,Marie,Fletcher,2014-01-31,m.f.1978@gmail.com,1514960206,,
11049,Pearl,Brennan,2001-03-08,pearll@Outlook.com,7700900907,,
11050,Amy,Lawless,2012-04-12,amylinda6@gmail.com,7787900397,,
11051,Ernest,Eastburn,2012-12-31,ernie1959@hotmail.com,1614960465,,
11052,Kevin,Seaton,2014-08-02,kev_seaton0@gmail.com,7700900919,,
11053,Diane,Peace,2003-11-06,Diane.Peace.34@Outlook.com,1174960485,,
11054,Lauren,Daykin,2021-06-09,lauren_daykin_uk@hotmail.co.uk,7765900510,,
11055,Kirsten,Smith,2016-05-01,kirsten.smith5@bt.com,7724900872,,
11056,Rose,Ellis,2021-02-20,rose_ellis75@gmail.com,1614960278,,
11057,Esme,Leonard,2022-02-07,esme9037361@iCloud.com ,7700900181,,
11058,Pete,Bond,2013-10-05,pete.james.bond@gmail.com,7717900606,,
11059,Sky,Fowler,2017-12-15,skyanne_f97@gmail.com,7766900132,,
11060,Bryan,Sparrow,2001-09-30,b_sparrow@gmail.com,1144960773,,
11061,Lorraine,O'Reilly,2022-05-15,Lorraine16@iCloud.com ,7700900368,,
11062,Alex,Fraiser,2015-11-21,fraiser_alex_86@hotmail.com,7710183456,,
11063,Wendy,Clinton,2013-05-25,w.clinton@gmail.com,1134960839,,
11064,Chris,Shaw,2017-06-01,chrissy1992@hotmail.co.uk,7700900107,,
11065,Craig,Greaves,2020-05-14,craig.greaves.999@gmail.com,7715900772,,
11066,Joseph,Leigh,2005-02-18,Jo37362552@hotmail.co.uk,1154960955,,
11067,Rhiannon,Ramsden,2019-12-25,r.ramsden_uk@bt.com,7720900287,,
11068,Jack,Wells,2022-07-28,Jack.wells.85@iCloud.com ,7700900237,,
11069,Kirk,Peters,2018-03-25,mr.k.peters@bt.com,7765900475,,
11070,Adele,Ford,2016-12-21,adele.ford@googlemail.com,1514960605,,
11071,Steph,Duffy,2013-02-01,steph.duf@googlemail.com,7700900733,,
11072,Gloria,Peck,2019-01-02,gloria_peck@gmail.com,1134960709,,
11073,Stanley,Taylor,2012-11-22,taylor333@gmail.com,7700900873,,
11074,John,Potts,2017-03-19,john.peter.potts@hotmail.co.uk,1164960269,,
11075,Regina,Moulton,2019-09-02,missreginamoulton@gmail.com,7780900548,,
11076,Elisabeth,Parker,2006-02-11,Liz.parker@Outlook.com,1314960186,,
11077,Steven,Dickson,2019-05-14,steve_d666@gmail.com,7745900569,,
11078,Tristan,Osbourne,2008-04-19,t.osbour@gmail.com,7770900948,,
11079,Margaret,Fenlon,2004-05-21,marmar20@hotmail.com,1144960331,,
11080,Allison,Britton,2018-02-03,a_b_personal@gmail.com,7720900936,,
11081,Leon,Dodson,2012-04-12,leony_09@googlemail.com,7750900627,,
11082,Trevor,Brooks,2020-05-08,trev.brooks@bt.com,7700900697,,
11083,Nelly,Reed,2022-02-16,nelly1967@aol.com,7798900462,,
11084,Joanne,Snowden,2019-02-20,joanne_marie76@hotmail.co.uk,1164960781,,
11085,Theo,Webb,2015-05-08,theo.theo.th@gmail.com,7767900316,,
11086,Theresa,Haigh,2017-10-17,theresahaigh@gmail.com,1214960979,,
11087,Jean,Parry,2020-01-07,Parry.jean.1@iCloud.com ,7788230883,,
11088,Derek,Glossop,2013-11-15,drderekglossop@googlemail.com,1134960626,,
11089,Brian,Hardy,2018-06-13,hardy.br@gmail.com,1164960451,,
11090,Mia,Pearson,2018-02-03,miaaa5@hotmail.com,7723900304,,
11091,Rebecca,Fern,2017-09-25,becca_1965@googlemail.com,1144960690,,
11092,Hilary,Tideswell,2020-11-21,hilary938746@hotmail.co.uk,7778900299,,
11093,Gerald,Watkin,2018-11-16,watkin.gerald.88@gmail.com,1164960930,,
11094,Fred,Reddish,2003-12-09,reddish.inc@gmail.com,7700900833,,
11095,Malcolm,Staton,2017-09-25,m.staton@googlemail.com,1414960390,,
11096,Steve,Hewett,2014-10-12,stevie012345@gmail.com,7789900108,,
11097,Tom,Brown,2019-06-09,tombrown1@hotmail.com,1144960956,,
11098,Olivia,Gibb,2016-01-27,gibb.olivia2@gmail.com,7740900573,,
11099,Daisy,Holmes,2018-03-14,daisy777lucky@gmail.com,7776900694,,
11100,Sophia,Nesbit,2022-01-19,Shophie1976@iCloud.com ,1164960958,,
11101,George,Torr,2019-05-30,torr6523@gmail.com,7756900562,,
11102,William,Page,2017-12-15,willie284764@gmail.com,1174960139,,
11103,Ivy,Weaver,2020-05-14,weaver_ivys@gmail.com,7710900820,,
11104,Elliott,Short,2019-10-01,short_short123@gmail.com,7700900866,,
11105,Eve,Codlin,2015-11-21,codlineve@hotmail.com,7720900476,,
11106,Samuel,Ward,2021-01-27,ward.1986@gmail.com,1214960113,,
11107,Emily,Hart,2017-11-18,hartemily@gmail.com,1614960141,,
11108,Cody,Hiley,2018-05-26,codddy@gmail.com,7780900180,,
11109,Poppy,Taylor,2004-01-07,poppy.taylor@bt.com,7700900838,,
11110,Mohammed,Henson,2021-07-15,m.hanson.123@aol.com,7750900967,,
11111,Isla,Higgins,2017-11-18,higgins_family@gmail.com,1684960303,,
11112,Jasper,Swanson,2019-10-01,swanson8473@gmail.com,7985900547,,
11113,Martha,Thornton,2016-12-21,thorn_martha@gmail.com,7720900606,,
11114,Willow,Wilde,2017-11-23,willow_wilde1@bt.com,1164960683,,
11115,Mike,Nixon,2008-02-14,mike.nixon3@googlemail.com,1144960688,,
11116,Felix,Burton,2016-05-01,burtonfelixjoe@gmail.com,7750900370,,
11117,Kimberley,White,2017-03-19,White.k@iCloud.com ,7780950196,,
11118,Jane,Hare,2022-06-15,jane.hare@bt.com,1184960777,,
11119,Milo,Myers,2018-04-13,milo.87_uk@googlemail.com,7700900260,,
11120,Maddison,Sutton,2018-11-05,maddie.sutton@bt.com,7895900626,,
11121,Joe,Parkinson,2018-02-21,m.sutton56@bt.com,7700900318,,
11122,Kayden,Redd,2019-02-20,Kayd_8935@iCloud.com ,7700900193,,
11123,Roger,Burns,2021-05-01,burns67roger@gmail.com,7709900900,,
11124,Ollie,McKay,2017-05-12,ollie987654321@gmail.com,7798900121,,
11125,Victor,Black,2016-01-27,vic.black.76@hotmail.com,1214960562,,
11126,Carol,Stoker,2022-03-20,stoker_carol@bt.com,1314960396,,
11127,Noel,Wagner,2021-12-22,noel_78_uk@gmail.com,7721900668,,
11128,Denis,Sullivan,2007-02-12,Dennis_Sul@iCloud.com ,1614960832,,
11129,Sam,Heywood,2017-12-15,heywood.sam5@gmail.com,7788900147,,
,,,,,,,
,,,,,,,
,,,,,,,
,,,,,,,
,,,,,,,
,,,,,,,
,,,,,,,
,,,,,,,
,,,,,,,
,,,,,,,
,,,,,,,
,,,,,,,
,,,,,,,
,,,,,,,
,,,,,,,
,,,,,,,
,,,,,,,
,,,,,,,
,,,,,,,
,,,,,,,
,,,,,,,
,,,,,,,
,,,,,,,
,,,,,,,
,,,,,,,
,,,,,,,
,,,,,,,
,,,,,,,
,,,,,,,
